-- phpMyAdmin SQL Dump
-- version 4.6.6deb5
-- https://www.phpmyadmin.net/
--
-- Host: localhost:3306
-- Generation Time: Dec 14, 2017 at 10:58 PM
-- Server version: 5.7.20-0ubuntu0.17.10.1
-- PHP Version: 7.1.11-0ubuntu0.17.10.1

SET SQL_MODE = "NO_AUTO_VALUE_ON_ZERO";
SET time_zone = "+00:00";


/*!40101 SET @OLD_CHARACTER_SET_CLIENT=@@CHARACTER_SET_CLIENT */;
/*!40101 SET @OLD_CHARACTER_SET_RESULTS=@@CHARACTER_SET_RESULTS */;
/*!40101 SET @OLD_COLLATION_CONNECTION=@@COLLATION_CONNECTION */;
/*!40101 SET NAMES utf8mb4 */;

--
-- Database: `book-oo`
--

DELIMITER $$
--
-- Procedures
--
CREATE DEFINER=`root`@`localhost` PROCEDURE `add_book` (IN `isbn_input` VARCHAR(13), IN `title_input` VARCHAR(50))  BEGIN
    IF NOT EXISTS (SELECT 1 FROM book WHERE isbn = isbn_input) THEN
        INSERT INTO book (isbn, book_title)
        VALUES (isbn_input, title_input);
    END IF;
END$$

CREATE DEFINER=`root`@`localhost` PROCEDURE `add_member` (`students_id_input` INT, `name_input` VARCHAR(50), `social_media_input` VARCHAR(50))  BEGIN
    IF NOT EXISTS (SELECT 1 FROM owns WHERE students_id = students_id_input) THEN
        INSERT INTO member (students_id, name, social_media_contact)
        VALUES (students_id_input, name_input, social_media_input);
    END IF;
END$$

CREATE DEFINER=`root`@`localhost` PROCEDURE `add_to_shelf` (`students_id_input` INT, `isbn_input` VARCHAR(13), `number_of_copy_input` INT)  BEGIN
    IF EXISTS (SELECT 1 FROM owns WHERE students_id = students_id_input AND isbn = isbn_input) THEN
        UPDATE owns SET number_of_copy = number_of_copy + number_of_copy_input;
    ELSE
        INSERT INTO owns (students_id, isbn, number_of_copy)
        VALUES (students_id_input, isbn_input, number_of_copy_input);
    END IF;
END$$

DELIMITER ;

-- --------------------------------------------------------

--
-- Table structure for table `book`
--

CREATE TABLE `book` (
  `isbn` varchar(13) NOT NULL,
  `book_title` varchar(50) NOT NULL
) ENGINE=InnoDB DEFAULT CHARSET=latin1;

--
-- Dumping data for table `book`
--

INSERT INTO `book` (`isbn`, `book_title`) VALUES
('003266548-2', 'Shanghai'),
('004779211-6', 'Class of 1999 II: The Substitute'),
('008114271-4', 'Mr Reliable'),
('010946559-8', 'Blade on the Feather (Deep Cover)'),
('012092716-0', '18 Again!'),
('013524228-2', 'Maniac Cop 2'),
('019644287-7', 'Sierra, La'),
('023126919-6', 'Castaway'),
('025791813-2', 'Heart Is a Lonely Hunter, The'),
('030201469-1', 'Aankhen'),
('034492230-8', 'Chuck Norris vs Communism'),
('036943027-1', 'General, The'),
('037847260-7', 'Phantasm IV: Oblivion'),
('042092620-8', 'Blood of the Vampire'),
('042742190-X', 'Blue Kite, The (Lan feng zheng)'),
('050430081-4', 'Not Love, Just Frenzy (Más que amor, frenesí)'),
('058294773-1', 'Adversary, The (L\'adversaire)'),
('059467356-9', 'Aileen Wuornos: The Selling of a Serial Killer'),
('063324270-5', 'Miss Annie Rooney'),
('066122426-0', '50/50'),
('075136833-4', 'Machuca'),
('076127433-2', 'True Blue '),
('079524675-7', 'Cuenca Crime, The (Crimen de Cuenca, El)'),
('086790164-0', 'Hard Sun'),
('089442089-5', 'Galician Caress (Of Clay)'),
('090188845-1', 'Percy Jackson & the Olympians: The Lightning Thief'),
('100820838-8', 'Love Story'),
('102328009-4', 'JLG/JLG (JLG/JLG - autoportrait de décembre)'),
('104525235-2', 'Take This Job and Shove It'),
('111041628-8', 'Iceberg, L\''),
('113446742-7', 'Fly Away Home'),
('114442094-6', 'Apnea (Apnoia)'),
('123456780-X', 'Haha Haha'),
('137527638-7', 'Stroszek'),
('143031893-7', 'Love\'s Deadly Triangle: The Texas Cadet Murder'),
('145989006-X', 'Mother of Tears: The Third Mother (Terza madre, La'),
('157319761-0', 'Grandfather, The (Abuelo, El)'),
('158802473-3', 'Grand Prix'),
('158970716-8', 'Mikado, The'),
('160470590-6', 'Samurai Rebellion (Jôi-uchi: Hairyô tsuma shimat'),
('163544652-X', 'Outside Man, The (Un homme est mort)'),
('165609364-2', 'Dead Silence'),
('171643915-9', 'Alexander Nevsky (Aleksandr Nevskiy)'),
('175709295-1', 'Sheep Eaters (Lampaansyöjät)'),
('180971924-0', 'Moving Out'),
('185875192-6', 'Last Casino, The'),
('186704462-5', 'Table 7'),
('197381827-2', 'One Good Cop'),
('198177388-6', 'Woyzeck'),
('206306165-3', 'Friday the 13th Part VI: Jason Lives'),
('208715243-8', 'One Hour Photo'),
('214942451-7', 'Drive Hard'),
('217505238-9', 'Oldboy'),
('220394782-9', 'Warm Water Under a Red Bridge (Akai hashi no shita'),
('221902619-1', 'I Am David'),
('222348679-7', 'I Love You to Death'),
('230447952-9', 'Stomp the Yard'),
('230919023-3', 'One in the Chamber'),
('231332917-8', 'Charms for the Easy Life'),
('232973263-5', 'Triage'),
('234814056-X', 'Unvanquished, The (Aparajito)'),
('235815913-1', 'Dolly and Her Lover (Räpsy ja Dolly eli Pariisi o'),
('236906726-8', 'Sport, Sport, Sport'),
('237587595-8', 'Drunks'),
('243444856-9', 'Impy\'s Island'),
('248206533-X', 'Something Real and Good'),
('253434480-3', 'Don\'t Look Back'),
('255813738-7', 'Black Ice (Musta jää)'),
('257932070-9', 'Slaughterhouse'),
('259439004-6', 'ID:A'),
('265429615-6', 'Girl Model'),
('273918920-6', 'Zeitgeist: The Movie'),
('279597963-2', 'Jennifer 8'),
('283997892-X', 'Buccaneer, The'),
('294702592-X', 'Devdas'),
('306067218-0', 'Larry the Cable Guy: Health Inspector'),
('309573189-2', 'Clouds of May (Mayis sikintisi)'),
('311516771-7', 'Love and Death on Long Island'),
('315023436-0', 'We Are Marshall'),
('316014391-0', 'Crew, The'),
('322916364-8', 'Torpedo Run'),
('325846245-3', 'Monica Z'),
('327990533-8', 'Fresh Bait (L\'appât) '),
('341833615-9', 'Summer House'),
('345762770-3', 'Earth (Tierra)'),
('347806845-2', 'Before and After'),
('349170308-5', 'Great Expectations'),
('351280571-X', 'Incubus'),
('355184648-0', 'Pure Country'),
('355871925-5', 'The Crowded Sky'),
('360903277-4', 'Straight Talk'),
('362704784-2', 'Daltry Calhoun'),
('364754313-6', 'Avenging Conscience, The'),
('365286021-7', 'Queen Bee'),
('369780105-8', 'Flying Scotsman, The'),
('373166303-1', 'Passion in the Desert'),
('373503983-9', 'Stolen Collection, (Skradziona kolekcja)'),
('388922724-4', 'Viy'),
('391342519-5', 'My Joy (Schastye moe)'),
('395849622-9', 'Two Solutions for One Problem (Dow Rahehal Baraye '),
('400883039-1', 'Demon in My View, A (Der Mann nebenan)'),
('401855305-6', 'Return to the 36th Chamber (Shao Lin da peng da sh'),
('403322819-5', 'Blast from the Past'),
('405494148-6', 'Detachment'),
('408425686-2', 'Deathmaker, The (Totmacher, Der)'),
('411754744-5', 'Double, Double, Toil and Trouble'),
('413612894-0', 'Bride of the Monster'),
('414857317-0', 'Pool of London'),
('416048695-9', 'Evergreen'),
('418279698-5', 'Charming Mass Suicide, A (Hurmaava joukkoitsemurha'),
('424002818-3', 'End of Suburbia: Oil Depletion and the Collapse of'),
('436298924-2', 'Bluebeard (Barbe-Bleue)'),
('436815173-9', 'Saint Ange (House of Voices)'),
('444616751-0', 'Love Happy'),
('445247312-1', 'Caribe'),
('449265675-8', 'Violent Men, The'),
('449341269-0', 'Afghan Star'),
('452568410-0', 'Danny Deckchair'),
('460889140-5', 'We Live Again'),
('464313782-7', 'Galileo'),
('467757438-3', 'High Anxiety'),
('468360192-3', 'Taste of Cherry (Ta\'m e guilass)'),
('471254267-5', 'Housefull 2'),
('474785348-0', 'Duets'),
('479350375-6', 'Germinal'),
('479975560-9', 'American in Paris, An'),
('493691738-9', 'Chandu the Magician'),
('497439625-0', 'Gunfighters'),
('500669376-2', 'Tough Guys Don\'t Dance'),
('504748547-1', 'Elvis on Tour'),
('511734991-1', 'Letter for the King, The (Brief voor de koning, De'),
('512847912-9', 'Kolya (Kolja)'),
('513918413-3', 'Musketeer, The'),
('514288591-0', 'W.R.: Mysteries of the Organism'),
('516119168-6', 'Knight Without Armor'),
('542650370-2', 'Bride Comes Home, The'),
('549056764-3', 'Under the North Star (Täällä Pohjantähden alla'),
('551721490-8', 'Lucky: No Time For Love'),
('564269040-X', 'Who Is Killing the Great Chefs of Europe?'),
('566954152-9', 'Python'),
('575479532-7', 'Yongary: Monster from the Deep'),
('579392527-9', 'Man Of The Moment'),
('582679517-4', 'Goodbye Again'),
('589005052-4', 'Arrival, The'),
('589764570-1', 'Sketches of Frank Gehry'),
('600503844-3', 'Riverworld'),
('602328602-X', 'Horror of Dracula (Dracula)'),
('602398833-4', 'Whisper'),
('619737614-8', 'Ingrid'),
('619923882-6', 'Stepford Wives, The'),
('620638951-0', 'Brain, The'),
('622896982-X', 'Breaking and Entering'),
('624700483-4', 'Identity'),
('632481124-7', 'Happy We (Två killar och en tjej)'),
('639975003-2', 'PK'),
('640544426-0', 'Contraband'),
('647983895-5', 'Cutter, The'),
('649461156-7', 'Taste of Others, The (Le goût des autres)'),
('650425897-X', 'King of California'),
('650523754-2', 'Echoes from the Dead (Skumtimmen)'),
('656737595-7', 'Paperman'),
('659662576-1', 'Wishful Drinking'),
('660888745-0', 'House Bunny, The'),
('673678613-4', 'Top Gun'),
('673771985-6', 'Heart of America'),
('675603161-9', 'David Holzman\'s Diary'),
('677889147-5', 'Decline of the American Empire, The (Déclin de l\''),
('678238796-4', 'The Beaver Trilogy'),
('678615964-8', 'Bogowie'),
('678824448-0', 'Atlantis, the Lost Continent'),
('693132714-3', 'Punk in London'),
('695574894-7', 'Chained for Life'),
('695896659-7', 'Care Bears Movie II: A New Generation'),
('695985130-0', 'Book of Shadows: Blair Witch 2'),
('697951712-0', 'George Carlin: It\'s Bad for Ya!'),
('699501069-8', 'Fog, The'),
('699704929-X', 'Amore (L\'Amore)'),
('708732232-X', 'No Man\'s Land'),
('710552447-2', 'I Am Michael'),
('712945514-4', 'Endless Summer, The'),
('715867713-3', 'For the Birds'),
('718130999-4', 'Lakeboat'),
('719824577-3', 'Wildcat, The (Die Bergkatze)'),
('723150896-0', 'Ali'),
('724164603-7', 'Chain of Command'),
('731856439-0', 'Three Musketeers, The'),
('732024631-7', 'Sleeping Beauty'),
('746097441-2', 'Soul of Bread, The (Ai de mian bao hun)'),
('751447619-9', '101 Dalmatians (One Hundred and One Dalmatians)'),
('752749642-8', 'Jack Brooks: Monster Slayer'),
('755147419-6', 'Upperworld'),
('756483345-9', 'Bubba Ho-tep'),
('760388263-X', 'Satan\'s Blood (Escalofrío)'),
('762152477-4', 'Five and Ten'),
('762318461-X', 'Riders of the Purple Sage'),
('769907777-6', 'Criminals'),
('770704773-7', 'Bill Maher: Victory Begins at Home'),
('772889307-6', '20,000 Leagues Under the Sea'),
('777036160-5', 'Who Can Kill a Child? (a.k.a. Island of the Damned'),
('781675096-X', 'Kauwboy'),
('788406147-3', 'Premiers désirs'),
('788437067-0', 'Confession, The (L\'aveu)'),
('796373665-1', 'The Sex and Violence Family Hour'),
('819598483-5', 'Hoot'),
('821459215-1', 'Three Faces of Eve, The'),
('830307224-2', 'Bloody Murder 2: Closing Camp'),
('835543816-7', 'Homer & Eddie'),
('837778517-X', 'Bikini Summer II'),
('840358520-9', 'Zachariah'),
('844834775-7', 'Bat, The'),
('844933440-3', 'Hava Nagila: The Movie'),
('851985890-2', 'True Confessions'),
('854244020-X', 'Patton Oswalt: Tragedy Plus Comedy Equals Time'),
('857162905-6', 'Wild Women'),
('860910913-5', 'Sansa'),
('862673038-1', 'Point Blank'),
('866824261-X', 'Bridge of San Luis Rey, The'),
('873610402-7', 'Cannonball Run II'),
('874564350-4', 'Abbott and Costello Meet Frankenstein'),
('875349879-8', 'Perfect Getaway, A'),
('876887456-1', 'Starsuckers'),
('877590689-9', 'Hercules'),
('880719631-X', 'Carry on Behind'),
('883357514-4', 'Tales of Hoffmann, The'),
('884507335-1', 'The Gruffalo\'s Child'),
('888004211-4', 'Mon oncle d\'Amérique'),
('890282413-6', '\'Neath the Arizona Skies'),
('898085008-5', 'Battle for Haditha'),
('899494837-6', 'Nitro Circus: The Movie'),
('906718929-4', 'Billy Madison'),
('911919551-6', 'Unmade Beds'),
('913701655-5', 'Patrik Age 1.5 (Patrik 1,5)'),
('922695830-0', 'Square, The'),
('924005608-4', 'Nowhere to Run'),
('936925683-0', 'At Home by Myself... with You'),
('940743149-5', 'Hollywood Complex, The'),
('944601235-X', 'Childhood of Maxim Gorky, The (Detstvo Gorkogo)'),
('944942470-5', 'Girl in the Park, The'),
('953942411-9', 'Band Wagon, The'),
('955714576-5', 'Two Moon Junction'),
('958009528-0', 'Undiscovered'),
('960341226-0', 'Naked Blood: Megyaku (Nekeddo burâddo: Megyaku)'),
('971237887-X', 'Muriel, or The Time of Return (Muriel ou Le temps '),
('972367187-5', 'Symphony of the Soil'),
('974502282-9', 'Ike: Countdown to D-Day'),
('976176055-3', 'Swan, The'),
('977570002-7', 'Bonjour tristesse'),
('992645692-8', 'Revolution #9'),
('993862581-9', 'Sleep, My Love'),
('994245691-0', 'I Have Found It (Kandukondain Kandukondain)'),
('997683764-X', 'Dreamgirls'),
('999456789-X', 'Go for Dummy');

-- --------------------------------------------------------

--
-- Table structure for table `member`
--

CREATE TABLE `member` (
  `students_id` int(11) NOT NULL,
  `name` varchar(50) NOT NULL,
  `social_media_contact` varchar(50) NOT NULL
) ENGINE=InnoDB DEFAULT CHARSET=latin1;

--
-- Dumping data for table `member`
--

INSERT INTO `member` (`students_id`, `name`, `social_media_contact`) VALUES
(1, '1', '1'),
(2, '2', '2'),
(3, '3', '3'),
(4, '4', '4'),
(5, '5', '5'),
(10113174, 'Ingeborg Dalgleish', 'ingeborg_dalgleish'),
(10211016, 'Mace Vigors', 'mace_vigors'),
(10315211, 'Claudette Kerwood', 'claudette_kerwood'),
(10317224, 'Bobbie Seamons', 'bobbie_seamons'),
(10511226, 'Arlette Hardacre', 'arlette_hardacre'),
(10612161, 'Sanders Ratledge', 'sanders_ratledge'),
(10813173, 'Dennie Thresher', 'dennie_thresher'),
(11213037, 'Ramsey Merrifield', 'ramsey_merrifield'),
(11313181, 'Minnaminnie Robertacci', 'minnaminnie_robertacci'),
(11416149, 'Dar Wanek', 'dar_wanek'),
(11514171, 'Lisette Laminman', 'lisette_laminman'),
(11611131, 'Eirena Adame', 'eirena_adame'),
(11913195, 'Everett Callendar', 'everett_callendar'),
(12012070, 'Derk Tomankiewicz', 'derk_tomankiewicz'),
(12013180, 'Mirna Hele', 'mirna_hele'),
(12016127, 'Derron MacTrustie', 'derron_mactrustie'),
(12112103, 'Deb Bourke', 'deb_bourke'),
(12113250, 'Ricky Mushett', 'ricky_mushett'),
(12214041, 'Marylin Kinnerley', 'marylin_kinnerley'),
(12214203, 'Arvy Towlson', 'arvy_towlson'),
(12214285, 'Felicity Sturch', 'felicity_sturch'),
(12614073, 'Dacie Sinnatt', 'dacie_sinnatt'),
(12714220, 'Adelina Tingey', 'adelina_tingey'),
(13217121, 'Geralda Ramlot', 'geralda_ramlot'),
(13314034, 'Merlina Espinho', 'merlina_espinho'),
(13517271, 'Karl Bonn', 'karl_bonn'),
(13612076, 'Prudence Spurier', 'prudence_spurier'),
(13714025, 'Merwyn Kaines', 'merwyn_kaines'),
(13714037, 'Aleta Beavis', 'aleta_beavis'),
(13912049, 'Pamelina Yerill', 'pamelina_yerill'),
(13917129, 'Kennett Schiell', 'kennett_schiell'),
(14111030, 'Donella Sollis', 'donella_sollis'),
(14115148, 'Faythe Reason', 'faythe_reason'),
(14214150, 'Elene Elia', 'elene_elia'),
(14217114, 'Fania Haresnape', 'fania_haresnape'),
(14311131, 'Percy McKerlie', 'percy_mckerlie'),
(14314094, 'Budd Wallbrook', 'budd_wallbrook'),
(14315102, 'Archer Paslow', 'archer_paslow'),
(14317297, 'Jess Colebeck', 'jess_colebeck'),
(14411038, 'Auberon Colbrun', 'auberon_colbrun'),
(14611228, 'Lolita Blaxley', 'lolita_blaxley'),
(14614123, 'Leonardo Winridge', 'leonardo_winridge'),
(14710087, 'Ronalda McVanamy', 'ronalda_mcvanamy'),
(14716119, 'Kippar Godfrey', 'kippar_godfrey'),
(14717084, 'Eilis Mutter', 'eilis_mutter'),
(14816154, 'Tuesday Muck', 'tuesday_muck'),
(14816221, 'Cullin Lorenzetti', 'cullin_lorenzetti'),
(15011226, 'Cathy Arter', 'cathy_arter'),
(15112171, 'Fairlie Rothery', 'fairlie_rothery'),
(15411106, 'Rora Blaksland', 'rora_blaksland'),
(15413074, 'Ethel Barkes', 'ethel_barkes'),
(15517113, 'Shepherd Tesmond', 'shepherd_tesmond'),
(15610188, 'Boigie Twells', 'boigie_twells'),
(15611168, 'Clarie O\'Crowley', 'clarie_o\'crowley'),
(15614106, 'Wain Goudard', 'wain_goudard'),
(15712035, 'Rheba Ovid', 'rheba_ovid'),
(15810226, 'Raine Jain', 'raine_jain'),
(16011190, 'Janey Blenkensop', 'janey_blenkensop'),
(16012010, 'Lulu Ruddlesden', 'lulu_ruddlesden'),
(16012223, 'Dedra Pasby', 'dedra_pasby'),
(16013267, 'Cymbre Balf', 'cymbre_balf'),
(16013274, 'Devinne Mansfield', 'devinne_mansfield'),
(16411101, 'Loutitia Parysowna', 'loutitia_parysowna'),
(16512032, 'Gwenora Chetwin', 'gwenora_chetwin'),
(16717069, 'Bernice Chaff', 'bernice_chaff'),
(16813017, 'Elene Biagi', 'elene_biagi'),
(16815017, 'Wood Cristofano', 'wood_cristofano'),
(18215005, 'Balya Ibnu Sulistiyono', 'balya_ibnu'),
(18215006, 'Hahahaha', 'hahahahaha?'),
(18215020, 'Airinnisa Nur Hidayati', 'airinnisanh'),
(18215999, 'Arnold Wynne', 'arn_wynne'),
(18412176, 'Malena Mighele', 'malena_mighele'),
(18413240, 'Katharine Cornborough', 'katharine_cornborough'),
(18414216, 'Tammara Rate', 'tammara_rate'),
(18513205, 'Diane-marie Sheards', 'diane-marie_sheards'),
(18614197, 'Tilda Remnant', 'tilda_remnant'),
(18812289, 'Alvera Kem', 'alvera_kem'),
(18917145, 'Burtie Benoix', 'burtie_benoix'),
(19011298, 'Meghan Rozenzweig', 'meghan_rozenzweig'),
(19015287, 'Hedy McCandless', 'hedy_mccandless'),
(19315099, 'Farrah Rickman', 'farrah_rickman'),
(19413048, 'Amalea Sharply', 'amalea_sharply'),
(19516176, 'Monro Mongain', 'monro_mongain'),
(19517090, 'Ilaire Casotti', 'ilaire_casotti'),
(19817143, 'Reginauld Elnaugh', 'reginauld_elnaugh'),
(20011108, 'Eda Brittian', 'eda_brittian'),
(20313157, 'Falito Biskupski', 'falito_biskupski'),
(20514280, 'Wrennie Hairsnape', 'wrennie_hairsnape'),
(20614177, 'Vanna Vivians', 'vanna_vivians'),
(20615045, 'Holt Heinecke', 'holt_heinecke'),
(20714080, 'Cesare Huccaby', 'cesare_huccaby'),
(20813266, 'Elliot Denacamp', 'elliot_denacamp'),
(20911294, 'Porty McNalley', 'porty_mcnalley'),
(20912283, 'Ellissa Nisot', 'ellissa_nisot'),
(20914262, 'Alleyn Troucher', 'alleyn_troucher'),
(20915187, 'Malvina Revance', 'malvina_revance'),
(20916181, 'Manya Shevelin', 'manya_shevelin'),
(21111237, 'Francyne Kernan', 'francyne_kernan'),
(21212077, 'Lib Hasnney', 'lib_hasnney'),
(21411100, 'Helga Fancy', 'helga_fancy'),
(21413163, 'Domini Nell', 'domini_nell'),
(21414086, 'Aeriel Goby', 'aeriel_goby'),
(21713187, 'Josias Snedden', 'josias_snedden'),
(21716262, 'Valle Querree', 'valle_querree'),
(21816170, 'Martainn Cabotto', 'martainn_cabotto'),
(21817299, 'Monika Spellard', 'monika_spellard'),
(21912012, 'Mahmud Baker', 'mahmud_baker'),
(21912124, 'Desiree Dunkersley', 'desiree_dunkersley'),
(21916176, 'Dominga Legrice', 'dominga_legrice'),
(21916262, 'Maryrose Gush', 'maryrose_gush'),
(22010263, 'Jake Rudham', 'jake_rudham'),
(22011266, 'Merill Perford', 'merill_perford'),
(22012180, 'Magnum Kester', 'magnum_kester'),
(22213241, 'Elisabetta Busby', 'elisabetta_busby'),
(22310214, 'Hermie Struss', 'hermie_struss'),
(22412133, 'Fred Jupe', 'fred_jupe'),
(22610082, 'Ag Love', 'ag_love'),
(22713014, 'Jewelle Candish', 'jewelle_candish'),
(22915242, 'Marina O\'Dempsey', 'marina_o\'dempsey'),
(23010190, 'Jami Wootton', 'jami_wootton'),
(23012025, 'Lek Dungay', 'lek_dungay'),
(23012159, 'Ossie Kock', 'ossie_kock'),
(23017164, 'Emmett Hatcher', 'emmett_hatcher'),
(23111106, 'Cammie Derrington', 'cammie_derrington'),
(23211156, 'Joan McCaffery', 'joan_mccaffery'),
(23216044, 'Paolina Rubinfeld', 'paolina_rubinfeld'),
(23217166, 'Breena Hubane', 'breena_hubane'),
(23312154, 'Keane Belvin', 'keane_belvin'),
(23612280, 'Winny Lile', 'winny_lile'),
(23614283, 'Pate Hobson', 'pate_hobson'),
(23813156, 'Jackie Keggin', 'jackie_keggin'),
(23814222, 'Debee Freen', 'debee_freen'),
(23916201, 'Brandea Quarless', 'brandea_quarless'),
(24116290, 'Quentin Edgson', 'quentin_edgson'),
(24315177, 'Orland Pickervance', 'orland_pickervance'),
(24415111, 'Sibel McCague', 'sibel_mccague'),
(24912162, 'Tabitha Arrault', 'tabitha_arrault'),
(25317213, 'Maure Menear', 'maure_menear'),
(25516296, 'Ed Waldrum', 'ed_waldrum'),
(25617114, 'Maddalena Ziemsen', 'maddalena_ziemsen'),
(25713080, 'Caralie Macklin', 'caralie_macklin'),
(25817294, 'Rick Schrei', 'rick_schrei'),
(26010208, 'Kelly Donnelly', 'kelly_donnelly'),
(26114269, 'Orsa Jobbings', 'orsa_jobbings'),
(26117259, 'Samantha Oliva', 'samantha_oliva'),
(26410049, 'Darnell Georgot', 'darnell_georgot'),
(26611190, 'Heywood Stollsteimer', 'heywood_stollsteimer'),
(26814224, 'Harriet Shore', 'harriet_shore'),
(27011122, 'Breanne Lukesch', 'breanne_lukesch'),
(27013188, 'Johnette Tramel', 'johnette_tramel'),
(27117265, 'Donaugh Seczyk', 'donaugh_seczyk'),
(27117298, 'Milena Beazleigh', 'milena_beazleigh'),
(27317195, 'Virgina Mengo', 'virgina_mengo'),
(27715250, 'Blair Corp', 'blair_corp'),
(27815153, 'Fredia Giorgiutti', 'fredia_giorgiutti'),
(27913255, 'Alister Kusick', 'alister_kusick'),
(28211286, 'Ebenezer Tungay', 'ebenezer_tungay'),
(28213034, 'Melisent Readie', 'melisent_readie'),
(28315291, 'Tobe Gooddie', 'tobe_gooddie'),
(28317214, 'Carmelia Segot', 'carmelia_segot'),
(28416283, 'Tobin Lancastle', 'tobin_lancastle'),
(28713216, 'Ekaterina Caneo', 'ekaterina_caneo'),
(28717297, 'Patricio Haskur', 'patricio_haskur'),
(29011147, 'Tom Harmeston', 'tom_harmeston'),
(29213275, 'Guinna Cull', 'guinna_cull'),
(29313196, 'Yance Eckhard', 'yance_eckhard'),
(29516237, 'Russ Gadsden', 'russ_gadsden'),
(29615008, 'Hazlett Eggerton', 'hazlett_eggerton'),
(29711112, 'Mayer Fairn', 'mayer_fairn'),
(29817069, 'Francisco Face', 'francisco_face'),
(29911024, 'Karyn Ommanney', 'karyn_ommanney'),
(30210258, 'Tabby Tapson', 'tabby_tapson'),
(30211277, 'Shaun Roswarn', 'shaun_roswarn'),
(30511175, 'Cammi Isakovic', 'cammi_isakovic'),
(30511257, 'Gerald MacMychem', 'gerald_macmychem'),
(30717111, 'Chucho Ronisch', 'chucho_ronisch'),
(30810033, 'Obadiah Waadenburg', 'obadiah_waadenburg'),
(30814030, 'Emylee Schindler', 'emylee_schindler'),
(30915181, 'Alayne Galliford', 'alayne_galliford'),
(31017243, 'Perceval Chastand', 'perceval_chastand'),
(31211091, 'Issy Seldon', 'issy_seldon'),
(31310241, 'Darlene Gruby', 'darlene_gruby'),
(31315150, 'Edna Castagnone', 'edna_castagnone'),
(31316093, 'Roderich Duncan', 'roderich_duncan'),
(31416163, 'Rosanne Rubinlicht', 'rosanne_rubinlicht'),
(31915058, 'Graham Burgher', 'graham_burgher'),
(32013119, 'Kandy Carress', 'kandy_carress'),
(32217193, 'Teodor Leidecker', 'teodor_leidecker'),
(32311114, 'Rey McGoogan', 'rey_mcgoogan'),
(32614030, 'Lela Gallymore', 'lela_gallymore'),
(32615099, 'Breena Franzoli', 'breena_franzoli'),
(32714022, 'Colan Zavattiero', 'colan_zavattiero'),
(32715081, 'Zebadiah Hambright', 'zebadiah_hambright'),
(33017154, 'Katharyn Teresa', 'katharyn_teresa'),
(33310202, 'Bride Bourdis', 'bride_bourdis'),
(33510111, 'Benita MacKeeg', 'benita_mackeeg'),
(33715259, 'Vivien Eliaz', 'vivien_eliaz'),
(33811207, 'Pat Binestead', 'pat_binestead'),
(34011269, 'Vikky Riddlesden', 'vikky_riddlesden'),
(34117054, 'Amargo Maevela', 'amargo_maevela'),
(34117070, 'Puff Sneesby', 'puff_sneesby'),
(34213081, 'Peterus Littrick', 'peterus_littrick'),
(34316221, 'Chloette Coule', 'chloette_coule'),
(34317249, 'Gabi Rubertelli', 'gabi_rubertelli'),
(34411060, 'Paxon Gerrie', 'paxon_gerrie'),
(34415169, 'Stevy Barten', 'stevy_barten'),
(34511117, 'Bobbe de Aguirre', 'bobbe_de aguirre'),
(34517053, 'Myrtia Fawltey', 'myrtia_fawltey'),
(34716259, 'Filippa Jachimiak', 'filippa_jachimiak'),
(34717071, 'Tucky Dines', 'tucky_dines'),
(34910297, 'Randie Sturr', 'randie_sturr'),
(34911050, 'Debi Kettley', 'debi_kettley'),
(34915289, 'Bobbe Coronado', 'bobbe_coronado'),
(34916163, 'Rozamond Paskerful', 'rozamond_paskerful'),
(35212034, 'Annalise Vieyra', 'annalise_vieyra'),
(35511051, 'Julissa Lanahan', 'julissa_lanahan'),
(35710058, 'Jeno Rattenbury', 'jeno_rattenbury'),
(35716270, 'Levon Toun', 'levon_toun'),
(35811251, 'Ferdinand Gilmour', 'ferdinand_gilmour'),
(36112109, 'Emmerich Harte', 'emmerich_harte'),
(36113229, 'Tate Adamolli', 'tate_adamolli'),
(36117038, 'Loise Weddeburn', 'loise_weddeburn'),
(36211293, 'Alli Bains', 'alli_bains'),
(36214059, 'Emory Titman', 'emory_titman'),
(36216246, 'Brigham Wherry', 'brigham_wherry'),
(36312116, 'Corbin Weymont', 'corbin_weymont'),
(36316293, 'Freedman Roots', 'freedman_roots'),
(36513007, 'Alexa Billitteri', 'alexa_billitteri'),
(36516128, 'Esther Waiton', 'esther_waiton'),
(36913034, 'Ruddy Stuckley', 'ruddy_stuckley'),
(37010091, 'Cleve Elfe', 'cleve_elfe'),
(37017111, 'Reuben Giddons', 'reuben_giddons'),
(37112196, 'Brynne Linkin', 'brynne_linkin'),
(37317082, 'Robinet Grigs', 'robinet_grigs'),
(37511261, 'Didi Dabernott', 'didi_dabernott'),
(37512062, 'Gabriela Vance', 'gabriela_vance'),
(37516082, 'Wheeler Hynd', 'wheeler_hynd'),
(37912027, 'Danita Cline', 'danita_cline'),
(37912028, 'Jo ann Mullard', 'jo ann_mullard'),
(37915042, 'Geoff Farleigh', 'geoff_farleigh'),
(38211125, 'Betteanne Perello', 'betteanne_perello'),
(38312296, 'Raynor Polglaze', 'raynor_polglaze'),
(38516191, 'Merrilee Lissenden', 'merrilee_lissenden'),
(38517079, 'Keelby Aubert', 'keelby_aubert'),
(38715289, 'Vinnie Edwins', 'vinnie_edwins'),
(38716253, 'Elijah Mushawe', 'elijah_mushawe'),
(38917063, 'Lamar Liddiatt', 'lamar_liddiatt'),
(39110110, 'Elaine Brightey', 'elaine_brightey'),
(39315078, 'Tate Szachniewicz', 'tate_szachniewicz'),
(39410277, 'Sada Caser', 'sada_caser'),
(39510222, 'Laurence Setchfield', 'laurence_setchfield'),
(39516241, 'Almira Jollie', 'almira_jollie'),
(39811157, 'Jean Twopenny', 'jean_twopenny'),
(39915165, 'Chrissy Robertshaw', 'chrissy_robertshaw'),
(99912005, 'Haha Haha', 'haha_haha'),
(99912006, 'Haha Haha', 'haha_haha'),
(99915000, 'Anthony', 'anthony'),
(99915001, 'Qwerty', 'qwerty'),
(99915002, 'Risa Taneda', 'memang_jos'),
(99915003, 'Nama Member', 'nama_member'),
(99915004, 'Qwerty Uiop', 'qwerty_uiop');

-- --------------------------------------------------------

--
-- Table structure for table `owns`
--

CREATE TABLE `owns` (
  `students_id` int(11) NOT NULL,
  `isbn` varchar(13) NOT NULL,
  `number_of_copy` int(11) NOT NULL
) ENGINE=InnoDB DEFAULT CHARSET=latin1;

--
-- Dumping data for table `owns`
--

INSERT INTO `owns` (`students_id`, `isbn`, `number_of_copy`) VALUES
(35811251, '460889140-5', 8),
(36211293, '180971924-0', 10),
(38715289, '953942411-9', 10),
(30511257, '163544652-X', 9),
(14314094, '860910913-5', 11),
(13714037, '076127433-2', 12),
(39315078, '158802473-3', 8),
(25516296, '955714576-5', 10),
(21916262, '100820838-8', 8),
(14217114, '479350375-6', 10),
(19315099, '198177388-6', 11),
(34117054, '876887456-1', 10),
(36113229, '752749642-8', 9),
(34411060, '283997892-X', 9),
(29615008, '844834775-7', 9),
(14314094, '222348679-7', 8),
(10211016, '019644287-7', 9),
(28317214, '777036160-5', 10),
(15614106, '023126919-6', 11),
(21716262, '206306165-3', 10),
(31316093, '640544426-0', 9),
(23012159, '436815173-9', 10),
(14317297, '436298924-2', 10),
(10813173, '877590689-9', 8),
(15614106, '414857317-0', 10),
(20615045, '819598483-5', 9),
(36211293, '185875192-6', 11),
(34117054, '500669376-2', 9),
(34415169, '620638951-0', 12),
(12016127, '582679517-4', 12),
(22010263, '449265675-8', 11),
(36117038, '977570002-7', 10),
(30211277, '971237887-X', 11),
(22010263, '373503983-9', 11),
(16011190, '206306165-3', 9),
(26117259, '600503844-3', 8),
(31915058, '413612894-0', 8),
(24116290, '050430081-4', 10),
(26611190, '678238796-4', 12),
(31310241, '391342519-5', 12),
(15611168, '678824448-0', 9),
(27715250, '474785348-0', 8),
(21111237, '158802473-3', 12),
(25617114, '777036160-5', 10),
(18812289, '373503983-9', 12),
(12112103, '362704784-2', 8),
(23111106, '180971924-0', 10),
(23814222, '355184648-0', 11),
(10315211, '114442094-6', 9),
(36312116, '718130999-4', 8),
(10511226, '025791813-2', 12),
(14311131, '953942411-9', 9),
(11913195, '844933440-3', 8),
(26410049, '880719631-X', 9),
(16011190, '449341269-0', 11),
(32715081, '401855305-6', 9),
(35811251, '624700483-4', 10),
(34316221, '724164603-7', 12),
(14115148, '944601235-X', 11),
(36216246, '460889140-5', 11),
(15611168, '023126919-6', 8),
(22012180, '355184648-0', 11),
(37511261, '504748547-1', 8),
(33811207, '993862581-9', 9),
(13714025, '675603161-9', 8),
(20912283, '243444856-9', 12),
(28416283, '695985130-0', 11),
(13314034, '076127433-2', 8),
(32217193, '600503844-3', 8),
(19517090, '656737595-7', 9),
(29516237, '724164603-7', 12),
(15614106, '762318461-X', 8),
(27117298, '373166303-1', 12),
(19517090, '564269040-X', 8),
(37912028, '175709295-1', 12),
(14217114, '899494837-6', 9),
(16813017, '395849622-9', 8),
(14611228, '163544652-X', 12),
(13912049, '158802473-3', 9),
(23017164, '079524675-7', 12),
(10211016, '677889147-5', 11),
(35716270, '715867713-3', 11),
(14217114, '086790164-0', 8),
(12016127, '862673038-1', 10),
(20714080, '840358520-9', 10),
(33017154, '732024631-7', 12),
(30511175, '408425686-2', 10),
(13917129, '257932070-9', 8),
(13517271, '306067218-0', 10),
(39516241, '873610402-7', 10),
(26117259, '751447619-9', 8),
(23017164, '500669376-2', 8),
(36513007, '414857317-0', 12),
(18614197, '493691738-9', 12),
(14716119, '220394782-9', 11),
(36117038, '401855305-6', 9),
(29516237, '322916364-8', 9),
(15810226, '464313782-7', 8),
(27913255, '327990533-8', 9),
(26814224, '360903277-4', 8),
(28211286, '678615964-8', 10),
(16013267, '418279698-5', 12),
(12714220, '821459215-1', 9),
(22012180, '821459215-1', 11),
(21816170, '751447619-9', 8),
(38516191, '360903277-4', 8),
(23010190, '309573189-2', 10),
(10211016, '511734991-1', 11),
(39915165, '649461156-7', 9),
(23916201, '019644287-7', 9),
(12214285, '883357514-4', 9),
(12614073, '265429615-6', 11),
(11213037, '273918920-6', 12),
(13917129, '408425686-2', 8),
(26117259, '513918413-3', 12),
(14816154, '639975003-2', 11),
(20911294, '602398833-4', 10),
(16011190, '854244020-X', 11),
(21916262, '036943027-1', 12),
(22012180, '650425897-X', 10),
(34213081, '992645692-8', 11),
(14317297, '712945514-4', 10),
(32714022, '493691738-9', 8),
(21414086, '222348679-7', 9),
(36913034, '004779211-6', 11),
(14311131, '873610402-7', 9),
(36516128, '030201469-1', 10),
(19315099, '373166303-1', 10),
(26611190, '647983895-5', 8),
(30717111, '198177388-6', 9),
(12214285, '673771985-6', 9),
(21414086, '165609364-2', 12),
(34316221, '772889307-6', 12),
(22010263, '837778517-X', 12),
(24415111, '137527638-7', 12),
(38516191, '058294773-1', 11),
(36211293, '479350375-6', 11),
(20011108, '232973263-5', 12),
(14411038, '273918920-6', 10),
(20813266, '388922724-4', 12),
(20916181, '993862581-9', 9),
(11514171, '063324270-5', 9),
(23814222, '479975560-9', 8),
(38517079, '445247312-1', 8),
(29711112, '844933440-3', 10),
(16512032, '513918413-3', 12),
(23211156, '257932070-9', 11),
(11611131, '259439004-6', 11),
(14611228, '355184648-0', 12),
(39811157, '373503983-9', 12),
(23111106, '874564350-4', 12),
(34415169, '327990533-8', 11),
(34317249, '230919023-3', 10),
(10113174, '575479532-7', 10),
(22713014, '023126919-6', 9),
(12214041, '650425897-X', 9),
(36913034, '395849622-9', 11),
(24315177, '413612894-0', 9),
(38715289, '955714576-5', 12),
(14717084, '449341269-0', 10),
(16815017, '231332917-8', 10),
(34317249, '620638951-0', 8),
(29213275, '104525235-2', 12),
(24912162, '208715243-8', 12),
(37017111, '355184648-0', 12),
(15810226, '197381827-2', 12),
(11416149, '175709295-1', 9),
(21816170, '160470590-6', 8),
(34117070, '467757438-3', 11),
(28317214, '467757438-3', 9),
(22011266, '600503844-3', 9),
(30511257, '231332917-8', 9),
(38516191, '322916364-8', 9),
(29911024, '835543816-7', 10),
(34011269, '403322819-5', 12),
(16512032, '650523754-2', 9),
(29011147, '066122426-0', 8),
(27117298, '004779211-6', 9),
(23614283, '418279698-5', 12),
(13517271, '042092620-8', 11),
(30915181, '602398833-4', 12),
(23010190, '732024631-7', 9),
(24315177, '008114271-4', 11),
(32013119, '695985130-0', 9),
(36516128, '906718929-4', 8),
(22915242, '874564350-4', 8),
(31416163, '230447952-9', 12),
(22010263, '232973263-5', 10),
(14816221, '063324270-5', 11),
(36516128, '602398833-4', 10),
(10113174, '906718929-4', 9),
(31310241, '086790164-0', 11),
(32013119, '325846245-3', 10),
(33715259, '237587595-8', 10),
(37912027, '622896982-X', 11),
(14716119, '408425686-2', 12),
(22010263, '050430081-4', 9),
(21817299, '762318461-X', 9),
(29615008, '163544652-X', 10),
(10211016, '253434480-3', 10),
(23211156, '137527638-7', 11),
(13912049, '944942470-5', 12),
(21716262, '511734991-1', 11),
(39811157, '835543816-7', 10),
(30810033, '888004211-4', 10),
(14816154, '659662576-1', 11),
(20916181, '497439625-0', 12),
(24415111, '471254267-5', 11),
(27013188, '876887456-1', 8),
(14816221, '079524675-7', 11),
(18614197, '090188845-1', 9),
(13917129, '075136833-4', 11),
(22011266, '400883039-1', 12),
(16013274, '436815173-9', 8),
(20615045, '899494837-6', 8),
(29711112, '234814056-X', 8),
(32715081, '624700483-4', 10),
(20813266, '171643915-9', 11),
(31310241, '953942411-9', 10),
(24315177, '777036160-5', 8),
(23012025, '888004211-4', 12),
(34117070, '175709295-1', 8),
(32614030, '186704462-5', 12),
(13714025, '769907777-6', 8),
(27011122, '306067218-0', 9),
(13714025, '673678613-4', 9),
(29516237, '762318461-X', 12),
(36211293, '230447952-9', 12),
(28317214, '325846245-3', 9),
(30814030, '660888745-0', 9),
(34716259, '373166303-1', 11),
(26010208, '259439004-6', 9),
(16815017, '564269040-X', 8),
(15712035, '647983895-5', 11),
(14717084, '958009528-0', 8),
(14816154, '445247312-1', 11),
(34910297, '835543816-7', 8),
(31211091, '940743149-5', 9),
(22915242, '416048695-9', 10),
(37516082, '436815173-9', 8),
(30210258, '656737595-7', 11),
(31315150, '724164603-7', 11),
(20514280, '837778517-X', 11),
(29711112, '273918920-6', 12),
(14115148, '788406147-3', 10),
(20912283, '400883039-1', 9),
(11514171, '449341269-0', 12),
(18412176, '796373665-1', 11),
(12214285, '851985890-2', 10),
(21414086, '862673038-1', 12),
(30915181, '315023436-0', 10),
(23813156, '102328009-4', 8),
(13517271, '234814056-X', 12),
(16011190, '844834775-7', 12),
(12714220, '772889307-6', 9),
(11313181, '699704929-X', 11),
(14317297, '257932070-9', 11),
(34316221, '113446742-7', 9),
(21716262, '712945514-4', 9),
(31310241, '854244020-X', 10),
(33715259, '230447952-9', 11),
(12013180, '445247312-1', 8),
(31315150, '012092716-0', 8),
(10612161, '369780105-8', 8),
(30211277, '835543816-7', 12),
(30211277, '821459215-1', 9),
(28713216, '236906726-8', 12),
(31310241, '050430081-4', 10),
(20911294, '731856439-0', 10),
(12013180, '413612894-0', 8),
(18614197, '145989006-X', 10),
(25817294, '198177388-6', 8),
(21414086, '551721490-8', 9),
(14710087, '769907777-6', 9),
(23612280, '185875192-6', 11),
(31316093, '013524228-2', 11),
(16815017, '955714576-5', 8),
(36214059, '493691738-9', 9),
(22010263, '163544652-X', 10),
(23216044, '058294773-1', 10),
(37017111, '050430081-4', 10),
(34511117, '922695830-0', 10),
(21716262, '695896659-7', 9),
(11514171, '673771985-6', 10),
(15411106, '253434480-3', 9),
(32013119, '273918920-6', 9),
(37017111, '355871925-5', 12),
(19413048, '355184648-0', 11),
(23813156, '157319761-0', 9),
(34910297, '467757438-3', 9),
(36214059, '649461156-7', 10),
(36117038, '504748547-1', 11),
(21111237, '582679517-4', 10),
(14614123, '788406147-3', 10),
(20514280, '345762770-3', 9),
(27815153, '243444856-9', 12),
(29615008, '575479532-7', 12),
(13912049, '349170308-5', 11),
(33715259, '512847912-9', 8),
(15517113, '222348679-7', 8),
(21916176, '411754744-5', 8),
(11514171, '158802473-3', 11),
(29516237, '624700483-4', 10),
(19315099, '906718929-4', 10),
(15011226, '400883039-1', 11),
(22412133, '781675096-X', 12),
(18614197, '230447952-9', 10),
(21111237, '708732232-X', 12),
(21411100, '582679517-4', 8),
(12714220, '403322819-5', 9),
(10113174, '231332917-8', 11),
(14611228, '888004211-4', 8),
(34911050, '890282413-6', 11),
(19413048, '899494837-6', 11),
(13314034, '474785348-0', 12),
(21816170, '876887456-1', 10),
(19517090, '102328009-4', 12),
(34717071, '860910913-5', 10),
(30915181, '751447619-9', 12),
(37112196, '883357514-4', 12),
(36516128, '452568410-0', 9),
(21411100, '294702592-X', 12),
(28213034, '639975003-2', 8),
(29011147, '010946559-8', 8),
(16411101, '549056764-3', 10),
(33310202, '551721490-8', 12),
(36214059, '708732232-X', 9),
(15411106, '391342519-5', 10),
(22915242, '479350375-6', 11),
(18917145, '365286021-7', 10),
(14115148, '875349879-8', 12),
(36316293, '145989006-X', 8),
(20714080, '090188845-1', 11),
(25317213, '673771985-6', 10),
(11514171, '042092620-8', 11),
(33510111, '860910913-5', 9),
(15011226, '695574894-7', 11),
(11611131, '708732232-X', 11),
(16012223, '516119168-6', 10),
(15712035, '656737595-7', 12),
(28416283, '760388263-X', 8),
(13917129, '034492230-8', 10),
(23612280, '436298924-2', 11),
(13314034, '772889307-6', 12),
(31017243, '243444856-9', 8),
(15712035, '589764570-1', 10),
(21713187, '265429615-6', 10),
(27117265, '851985890-2', 10),
(14317297, '770704773-7', 10),
(18513205, '143031893-7', 10),
(10113174, '003266548-2', 9),
(99912005, '123456780-X', 14),
(18215020, '999456789-X', 5);

--
-- Indexes for dumped tables
--

--
-- Indexes for table `book`
--
ALTER TABLE `book`
  ADD PRIMARY KEY (`isbn`);

--
-- Indexes for table `member`
--
ALTER TABLE `member`
  ADD PRIMARY KEY (`students_id`);

--
-- Indexes for table `owns`
--
ALTER TABLE `owns`
  ADD KEY `students_id` (`students_id`),
  ADD KEY `isbn` (`isbn`);

--
-- Constraints for dumped tables
--

--
-- Constraints for table `owns`
--
ALTER TABLE `owns`
  ADD CONSTRAINT `owns_ibfk_1` FOREIGN KEY (`isbn`) REFERENCES `book` (`isbn`),
  ADD CONSTRAINT `owns_ibfk_2` FOREIGN KEY (`students_id`) REFERENCES `member` (`students_id`);

/*!40101 SET CHARACTER_SET_CLIENT=@OLD_CHARACTER_SET_CLIENT */;
/*!40101 SET CHARACTER_SET_RESULTS=@OLD_CHARACTER_SET_RESULTS */;
/*!40101 SET COLLATION_CONNECTION=@OLD_COLLATION_CONNECTION */;
